<?xml version="1.0" encoding="UTF-8" standalone="yes"?>
<addon id="plugin.video.knighthawk" name="[COLOR blue]Knight Hawk[/COLOR] [COLOR wizard] Wizard[/COLOR]" version="0.2" provider-name="knighthawk">
  <requires>
    <import addon="xbmc.python" version="2.1.0"/>
	<import addon="script.module.addon.common" />
  </requires>
  <extension point="xbmc.python.pluginsource" library="default.py">
        <provides>executable</provides>
  </extension>
  <extension point="xbmc.addon.metadata">
    <summary lang="en">[COLOR blue]knight hawk[/COLOR] Wizard</summary>
    <description lang="en">Credits goes to schism and TeamExpat for the base parts of this wizard. this is very much bleeding edge so there could be bugs. please let me know if you find any at fb/knighthawk</description>
    <disclaimer lang="en">No offcial support is provided as it is free addon. Only openelec platforms with higher memory capacity are supported. this build contain many developers works. all the credits are respecfully own by the individual developers. Due to the nature of the content, we are not responsible for the content streamed to your device and neither do we condone piracy so you must satisfy yourself that either you or the sites accessed for streaming have the copyright agreements in place and are entitled to access this content.
We do not host or upload any video, films, media file, live streams (avi, mov, flv, mpg, mpeg, divx, dvd rip, mp3, mp4, torrent, ipod, psp). knighthawk team is not responsible for the accuracy, compliance, copyright, legality, decency, or any other aspect of the content of streamed from your device. If you have any legal issues please contact the appropriate media file owners or host sites.
We have no control over the links on any site that we provide a link to. If you see any form of infringements, please contact appropriate media file owners or host sites immediately. </disclaimer>
	<platform>all</platform>
  </extension>
</addon>
